Recipe Name,calories,fat,dietary_fibre,carbohydrates,protein,sodium
Sweet Soy Cod with Sriracha Broccoli | Mob,430kcal,19g,4g,22g,38g,980mg
Grilled Pork Fillet with Ginger Sauce and Garlic Butter Rice | Mob,590kcal,24g,4g,52g,40g,1890mg
"Chicken, Spinach & Cheddar Soup | Mob",580kcal,32g,5g,23g,47g,2000mg
Speedy Spag Bol | Mob,775kcal,30g,5g,85g,35g,820mg
Citrussy Harissa Lamb & Giant Couscous | Mob,1025kcal,52g,9g,85g,48g,900mg
Cauliflower Cheese Beans with Preserved Lemon Salsa | Mob,465kcal,26g,7g,41g,17g,570mg
Seedy Schnitzel with Winter Caesar Recipe | Mob,688kcal,33g,10g,55g,46g,1010mg
Protein Peanut Butter Cups | Mob,120kcal,9g,1g,4g,5g,50mg
Ginger & Spring Onion Chicken Broth | Mob,584kcal,30g,2g,35g,37g,1533mg
Lunch Box: Honey Garlic Chicken with Broccoli Rice | Mob,587kcal,15g,5g,83g,31g,742mg
Lunch Box: Mexican Dense Bean Salad | Mob,395kcal,20g,11g,30g,18g,600mg
Braised Soy Sauce Chicken Udon Soup Noodles | Mob,610kcal,27g,4g,50g,39g,2900mg
Thai Red Chicken Meatballs with Peanut Sauce | Mob,965kcal,56g,6g,86g,39g,655mg
"Chicken, Basil & Fennel Smoosh | Mob",620kcal,38g,4g,5g,58g,1100mg
Spicy Sausage Bean Bake | Mob,625kcal,25g,12g,70g,30g,1200mg
Creamy Halloumi Chickpea Curry with Charred Veg | Mob,860kcal,43g,15g,68g,37g,950mg
Chicken & Herb Salad with Steamed Rice | Mob,540kcal,18g,3g,65g,32g,1100mg
Chicken & Sweetcorn Egg Drop Soup | Mob,656kcal,28g,7g,45g,51g,1012mg
Lunch Box: Chicken Satay Grain Bowl | Mob,680kcal,28g,13g,63g,45g,1250mg
Ancho Chicken with Herby Lime Rice & Charred Corn | Mob,560kcal,22g,8g,46g,44g,410mg
"Tomato, Shallot & Olive Chicken with Orzo & Feta | Mob",760kcal,37g,6g,64g,45g,1020mg
High-Protein Egg Mayo | Mob,,,,,,
Honey-Dijon Chicken Bean Bake with Sumac Onions & Herb Salad | Mob,735kcal,28g,11g,41g,62g,800mg
Hot Honey Crispy Pork & Crackling Sandwich | Mob,1025kcal,76g,5g,32g,51g,1800mg
Roast Chicken with Mushrooms & Creamy Polenta Recipe | Mob,670kcal,34g,3g,44g,46g,620mg
Peanut Butter Chicken Curry | Mob,807kcal,58g,3g,19g,31g,731mg
Green Noodles Recipe | Mob,420kcal,15g,6g,55g,18g,450mg
Spicy Chicken With Crispy Sushi Rice | Mob,580kcal,28g,3g,51g,29g,890mg
Smashed Chicken Tacos with Pineapple Salsa | Mob,570kcal,27g,8g,50g,32g,620mg
Shredded Chicken Congee | Mob,488kcal,9g,2g,65g,34g,1240mg
Sticky Soy Chicken Rice Bowl with Glazed Veg | Mob,662kcal,31g,8g,51g,37g,883mg
Lunch Box: Chicken & Cherry Tomato Barley Salad | Mob,585kcal,30g,7g,42g,37g,1400mg
Lunch Box: Spicy Tuna Rice Bowl | Mob,615kcal,24g,8g,68g,33g,1030mg
Lunch Box: Sweet & Sticky Chicken with Broccoli Rice | Mob,650kcal,25g,5g,65g,40g,1900mg
Herby Brothy Noodle Soup Recipe | Mob,415kcal,21g,4g,42g,14g,690mg
Honey-Dijon Roast Chicken with Leek-y Parmesan Chickpeas | Mob,780kcal,31g,12g,55g,38g,800mg
Garlicky Mustard Chicken & Zingy Broth With Rice | Mob,705kcal,40g,2g,40g,50g,500mg
Sticky Miso Salmon with Rice | Mob,736kcal,18g,4g,98g,41g,1180mg
Lunch Box: Chicken Meatballs with Herby Freekeh and Green Veg | Mob,670kcal,35g,8g,48g,36g,1800mg
"Keftedes with Herbed Rice, Tzatziki & Tomato Salad | Mob",690kcal,35g,5g,48g,38g,820mg
Carne en su Jugo Recipe | Mob,650kcal,25g,15g,70g,35g,800mg
Crying Tiger Thai Steak Salad Recipe | Mob,676kcal,37g,5g,41g,47g,1125mg
No-Fuss Roast Chicken | Mob,565kcal,33g,0g,2g,45g,460mg
Honey & Mustard Roasted Chicken Legs Recipe | Mob,598kcal,33g,6g,47g,30g,387mg
Ancho Chicken Fajita Wraps | Mob,540kcal,23g,6g,38g,40g,600mg
Baked Paprika Cod With Peas & Spicy Chorizo Dressing | Mob,665kcal,18g,14g,11g,58g,1512mg
Sumac & Charred Lemon Chicken Thighs With Tzatziki Recipe | Mob,490kcal,32g,3g,18g,31g,350mg
Kidney Bean Curry | Mob,378kcal,8g,14g,63g,13g,876mg
"Braised Lentils with Fennel, Sausage and Salsa Verde | Mob",508kcal,19g,13g,44g,30g,644mg
Chicken Meatball Grain Bowl | Mob,622kcal,25g,11g,54g,40g,1249mg
Cheesy Honey-Dijon Chicken & Pesto Pasta | Mob,930kcal,38g,7g,78g,76g,1030mg
Honey Mustard Chicken with Peas & Pancetta | Mob,605kcal,45g,3g,14g,32g,570mg
Sticky Soy Salmon Rice | Mob,580kcal,15g,5g,65g,36g,980mg
Sticky Soy Chicken with Butterbeans & Charred Courgettes | Mob,566kcal,27g,9g,31g,44g,851mg
Creamy Garlic Chicken Legs | Mob,432kcal,32g,1g,10g,34g,703mg
Spicy Pork & Sesame Noodles | Mob,620kcal,30g,6g,50g,30g,1200mg
"Chicken, Tomato & Olive Stew with Cinnamon Brown Rice | Mob",356kcal,4g,4g,28g,63g,351mg
Ultimate Spaghetti Bolognese Recipe | Mob,785kcal,33g,6g,76g,38g,1100mg
Crispy Lamb with Creamy Brothy Rice & Za'atar Recipe | Mob,725kcal,31g,4g,80g,31g,750mg
Leftover Chicken Caesar Wraps | Mob,685kcal,45g,4g,33g,36g,980mg
Blackened Cod with Herby Miso Soba Recipe | Mob,657kcal,11g,9g,88g,56g,2690mg
Lunch Box: Everything-Seasoned Salmon with Spiced Cauliflower &… | Mob,665kcal,42g,8g,38g,35g,1500mg
Creamy Bolognese Bean Bake | Mob,670kcal,32g,8g,40g,38g,890mg
Golden Chicken with Herb & Feta Fregola | Mob,630kcal,28g,5g,55g,39g,870mg
Smoky Chorizo Black Beans & Feta Fried Eggs | Mob,505kcal,28g,8g,30g,30g,2100mg
Blistered Courgettes | Mob,95kcal,6g,3g,7g,4g,699mg
Creamy Red Pesto Sausage Pasta | Mob,620kcal,21g,5g,78g,23g,556mg
Hot Sauce Egg Salad Sandos | Mob,,,,,,
Creamy Chicken & Chorizo Pasta | Mob,730kcal,34g,5g,52g,38g,950mg
Miso Salmon & Green Tea with Rice | Mob,590kcal,24g,4g,47g,41g,790mg
Brown Butter Beef Kofta Barley Bowls | Mob,536kcal,22g,10g,56g,29g,450mg
High-Protein Cheese & Pickled Onion Sandwich Filler | Mob,386kcal,23g,2g,14g,28g,720mg
Veggie Sheet-Pan Breakfast Burritos | Mob,358kcal,15g,6g,32g,22g,460mg
Thai Steak Salad Lettuce Cups | Mob,650kcal,20g,4g,48g,40g,1180mg
1-pot Creamy Chicken and Tomato Orzo | Mob,860kcal,30g,6g,75g,65g,800mg
"Sticky Re-Fried Chicken With Asparagus, Hot Honey & Soy | Mob",615kcal,19g,3g,73g,30g,640mg
Lunch Box: Spicy Peanut Air Fryer Salmon Bowl | Mob,720kcal,38g,6g,51g,37g,600mg
"Pork, Ricotta & Fennel Seed Meatballs with Tomato Cream Butter… | Mob",827kcal,59g,8g,33g,35g,928mg
Egg & Cheese Breakfast Quesadillas | Mob,352kcal,24g,1g,16g,18g,478mg
Spaghetti & Meatballs with Hidden Veg Sauce | Mob,520kcal,20g,6g,52g,32g,800mg
"Butter Beans with Smashed Peas, Lemon & Parmesan | Mob",449kcal,15g,15g,39g,28g,876mg
Miso Butter Air Fryer Roast Chicken Recipe | Mob,547kcal,36g,1g,5g,45g,700mg
Steamed Cod with Spring Onion & Ginger | Mob,465kcal,19g,1g,40g,30g,602mg
Ancho Chilli Chicken Traybake | Mob,585kcal,26g,9g,35g,46g,690mg
Smoky Chicken & Chorizo with Herby Rice | Mob,660kcal,31g,5g,42g,40g,920mg
Pickled Jalapeño Chicken Soup | Mob,648kcal,29g,6g,37g,49g,578mg
Caribbean King Prawn Curry | Mob,420kcal,20g,5g,30g,30g,800mg
High-Protein Air Fryer Granola | Mob,333kcal,20g,5g,27g,11g,235mg
Hot Honey Chicken Salad with Ranch-ish Dressing | Mob,640kcal,34g,3g,28g,52g,1300mg
Hidden Veg Meatball Chilli | Mob,715kcal,28g,10g,48g,36g,820mg
Sticky Soy Chicken Sandwich with Miso Mayo | Mob,637kcal,38g,4g,39g,36g,910mg
Cheat’s One-Pot Aubergine Lasagne with Ricotta & Parmesan | Mob,719kcal,38g,14g,48g,38g,1518mg
High-Protein Tiramisu Overnight Oats | Mob,373kcal,14g,9g,33g,18g,213mg
Sesame Crusted Cod & Creamy Chilli Chickpeas | Mob,660kcal,35g,8g,3g,44g,580mg
Courgette Butter Beans With Green Olive Salsa | Mob,727kcal,23g,26g,71g,40g,1701mg
Supergreen Matcha Smoothie Bowl | Mob,390kcal,9g,8g,42g,29g,100mg
Shawarma Spiced Halloumi Rice Bowl | Mob,618kcal,36g,4g,41g,33g,1500mg
One-Pan Sausage and Roasted Pepper Lasagne | Mob,745kcal,53g,7g,49g,36g,1200mg
Ultimate Roast Turkey Recipe | Mob,570kcal,30g,0g,0g,70g,1500mg
"Creamy, Dilly Salmon Soup | Mob",510kcal,28g,4g,13g,39g,680mg
Brothy Slow-Cooked Coconut Chicken & Rice | Mob,620kcal,35g,4g,32g,41g,810mg
Crispy Chicken and Carrot Rice | Mob,580kcal,26g,4g,50g,40g,1100mg
Soy Poached Chicken & Sesame Sauce | Mob,699kcal,22g,2g,63g,58g,1782mg
Lunch Box: Cherry Tomato & Cottage Cheese Pasta Salad | Mob,520kcal,21g,4g,44g,39g,640mg
Loco Moco Hawaiian Smash Burger & Gravy Recipe | Mob,,,,,,
Baked Chicken & Leek Orzo | Mob,650kcal,26g,4g,55g,45g,750mg
High-Protein Ribollita with Crumbled Sausage | Mob,485kcal,20g,11g,49g,26g,1100mg
Salmon With Crispy Bagel-Seasoning New Potatoes & Pickled Onions | Mob,630kcal,38g,4g,34g,33g,540mg
"Salmon, Coriander & Miso Smoosh | Mob",315kcal,12g,7g,20g,31g,750mg
Honey Mustard Salmon with Dilly Rice & Everything Bagel Cream… | Mob,645kcal,30g,3g,52g,40g,715mg
"Chicken, Pepper & Cucumber Chopped Salad | Mob",446kcal,19g,6g,15g,66g,1142mg
Honey Soy Chicken & Sesame Spinach | Mob,587kcal,25g,5g,43g,47g,1235mg
Honey-Dijon Chicken & Pepper Traybake | Mob,580kcal,32g,3g,11g,48g,520mg
Spring Chicken Panzanella | Mob,490kcal,22g,7g,35g,32g,520mg
Berry Pink Power Smoothie Bowl | Mob,380kcal,10g,12g,40g,30g,100mg
Lunch Box: Dense Bean Salad with Tomato & Basil Vinaigrette | Mob,435kcal,21g,11g,38g,24g,370mg
Seedy Pork Schnitzel with Sage Fried Eggs | Mob,720kcal,39g,5g,45g,42g,1300mg
One-Pot Fish Biryani Recipe | Mob,516kcal,11g,5g,74g,30g,480mg
Lunch Box: Miso Salmon & Noodles | Mob,610kcal,32g,4g,48g,34g,2000mg
Vegan Cheesy Lentils & Fridge-raid Greens Recipe | Mob,415kcal,18g,10g,32g,31g,656mg
Garlic Oil Noodles With Grilled Chicken | Mob,620kcal,30g,4g,50g,38g,2800mg
Yoghurt & Chicken Salad with Za’atar Croutons | Mob,560kcal,28g,6g,28g,45g,880mg
One-Pot Rice & Cod with Garlicky Tahini Sauce Recipe | Mob,595kcal,21g,10g,70g,32g,370mg
Cod & Sweetcorn Fishcakes with Sweet Chilli Slaw | Mob,445kcal,18g,6g,42g,30g,620mg
Spiced Honey-Dijon Chicken & Tomato Bulgur | Mob,970kcal,34g,21g,97g,63g,465mg
Spicy Pork Mince | Mob,485kcal,32g,2g,10g,40g,950mg
Marmite Chicken | Mob,610kcal,30g,1g,48g,38g,3500mg
"Poached Chicken Breast, Garlic Butter Rice & Spring Onion Sauce… | Mob",180kcal,2g,0g,2g,30g,100mg
Beef Chilli Con Carne | Mob,435kcal,22g,8g,28g,30g,1500mg
Kimchi Tuna Melt Wrap | Mob,600kcal,23g,6g,38g,50g,1060mg
Chicken Curry Traybake | Mob,690kcal,32g,7g,65g,33g,650mg
Cottage Cheese Chicken Caesar Recipe | Mob,645kcal,35g,4g,24g,49g,2200mg
Takeaway Beef Ho Fun Recipe | Mob,615kcal,28g,4g,55g,31g,3100mg
Sticky Toffee Baked Oats | Mob,368kcal,7g,8g,67g,10g,192mg
Crispy Air-Fryer Butterbeans Recipe | Mob,280kcal,12g,8g,32g,10g,600mg
Green Herby Chicken and Rice Soup | Mob,663kcal,23g,8g,44g,61g,391mg
Green Curry Poached Chicken in Brothy Rice Recipe | Mob,540kcal,21g,6g,55g,35g,1100mg
Lunch Box: Spicy Salmon Bowl with Sesame Rice & Soy Butter… | Mob,552kcal,24g,3g,46g,37g,2mg
Oozy Jammy Eggs | Mob,70kcal,5g,0g,1g,6g,70mg
"Lunch Box: Chicken, Pepper & Cucumber Chopped Salad | Mob",446kcal,19g,6g,15g,66g,1142mg
Sizzle Butter Chicken Naan | Mob,718kcal,38g,6g,55g,34g,951mg
"Quick Chicken Stew With Fennel, Olives & Filo | Mob",610kcal,30g,7g,49g,34g,820mg
Pulled Chipotle Chicken & Pineapple Tacos | Mob,600kcal,24g,5g,52g,38g,780mg
Leek-y Beans | Mob,625kcal,4g,22g,85g,21g,476mg
Green Chilli Chicken Freezer Burrito | Mob,550kcal,18g,6g,45g,38g,2mg
Cheesy Bolognese Ragú on Garlic Toast | Mob,720kcal,38g,4g,45g,34g,880mg
One-Pot Vegan Puttanesca Recipe | Mob,570kcal,15g,12g,90g,18g,900mg
Crispy Harissa Lamb Hummus Bowl | Mob,740kcal,45g,8g,48g,33g,780mg
Sumac Chicken & Chickpea Pilaf | Mob,640kcal,20g,6g,55g,35g,610mg
Spicy Salmon Bowl with Sesame Rice & Soy Butter Spinach | Mob,552kcal,24g,3g,46g,37g,2mg
Lunch Box: Tuna & Sweetcorn Tonnato Pasta Salad | Mob,580kcal,24g,6g,52g,35g,680mg
Chilli Con Carne Soup with Crispy Cheese Croutons | Mob,515kcal,31g,5g,20g,32g,1020mg
Pearl Barley | Mob,221kcal,1g,11g,35g,8g,14mg
Poached Soy Salmon Rice Bowl Recipe | Mob,605kcal,18g,2g,73g,34g,1035mg
Thai Green Chicken Curry Recipe | Mob,710kcal,32g,6g,65g,38g,800mg
Chicken Adobo Recipe | Mob,642kcal,19g,3g,85g,32g,1180mg
"Chickpea, Tahini & Harissa Smoosh | Mob",363kcal,11g,16g,38g,16g,840mg
Salmon With Caramelised Onion Rice & Shaved Broccoli Salad | Mob,660kcal,36g,5g,39g,36g,520mg
"Orzo With Chicken, Za'atar & Lemon | Mob",812kcal,30g,6g,105g,30g,1430mg
Lunch Box: Air-Fryer Negima Yakitori | Mob,625kcal,28g,5g,45g,42g,2300mg
Hearty Chicken & Sweet Potato Traybake Recipe | Mob,590kcal,24g,7g,65g,31g,700mg
Piri-Piri Roast Chicken | Mob,714kcal,31g,8g,63g,44g,1050mg
Everything Salmon Rice Bowl | Mob,712kcal,33g,6g,61g,40g,2042mg
Cashew Chicken Recipe | Mob,920kcal,47g,5g,83g,36g,1054mg
Sesame Miso Salmon Tacos | Mob,610kcal,36g,4g,40g,31g,680mg
Spicy Tom Yum Chicken Soup Recipe | Mob,650kcal,30g,8g,60g,32g,800mg
Salmon Pasta Salad | Mob,823kcal,41g,6g,60g,42g,1030mg
Cheesy Bolognese Loaded Jacket Potato | Mob,720kcal,33g,7g,68g,35g,850mg
Brothy Sumac Chicken & Giant Couscous | Mob,680kcal,25g,6g,57g,35g,690mg
Chorizo Chilli Cottage Pie | Mob,825kcal,50g,9g,46g,45g,2900mg
Salt & Pepper Roasted Chicken Thighs | Mob,475kcal,33g,1g,6g,36g,1500mg
Mob’s Gumbo | Mob,530kcal,24g,4g,47g,31g,650mg
Chipotle Chicken Burrito Bowl | Mob,680kcal,32g,6g,52g,42g,860mg
‘Marry Me’ Gochujang Chicken Noodles Recipe | Mob,725kcal,33g,5g,65g,45g,520mg
Tangy Cod & Tomato Brothy Rice with Tadka Recipe | Mob,480kcal,12g,4g,60g,30g,800mg
Tangy Chicken & Crispy Rice Salad | Mob,690kcal,33g,7g,57g,37g,950mg
Speedy Parmesan Roast Chicken & Onions Recipe | Mob,485kcal,27g,3g,18g,38g,570mg
Savoury Peanut Beans & Sesame Eggs | Mob,594kcal,33g,12g,47g,28g,582mg
Chicken & Bacon Chopped Salad | Mob,549kcal,36g,4g,22g,41g,687mg
Jalapeño & Coconut Chicken Thighs | Mob,715kcal,45g,3g,35g,39g,610mg
Sticky Soy Chicken Noodles & Sesame Sauce | Mob,628kcal,34g,6g,38g,39g,796mg
Lemongrass Pork Meatballs & Tomato Brothy Rice | Mob,620kcal,28g,4g,55g,32g,1600mg
Chicken Enchiladas With Charred Corn Salsa | Mob,1183kcal,75g,6g,61g,60g,1256mg
Creamy Spicy Pork Ramen | Mob,939kcal,51g,5g,69g,41g,2588mg
Lunch Box: Chicken & Broccoli Chopped Salad | Mob,737kcal,38g,14g,36g,72g,1129mg
Crispy Chicken & Orange Salsa Tacos | Mob,540kcal,24g,6g,50g,30g,800mg
Air Fryer Chicken Tikka with Spiced Rice | Mob,626kcal,21g,6g,60g,46g,750mg
Lunch Box: Thai Red Curry Salmon Bites with Lime & Coconut Rice | Mob,620kcal,27g,5g,50g,38g,950mg
"Cheesy Sausage, Chips & Beans Pie | Mob",780kcal,36g,12g,78g,33g,820mg
Soy Sauce Chicken Noodles | Mob,850kcal,25g,5g,95g,60g,4000mg
Protein Date Balls | Mob,463kcal,27g,8g,40g,20g,34mg
Ancho Chicken Burrito Bowl | Mob,590kcal,27g,7g,36g,45g,630mg
Braised Green Herby Chicken | Mob,680kcal,45g,6g,10g,53g,1165mg
Miso Gochujang Salmon & Nori Rice | Mob,590kcal,28g,3g,50g,31g,710mg
Chicken Pistou Soup | Mob,,,,,,
Baked Tuna Egg Mayo on Japanese Rice with Teriyaki Sauce | Mob,690kcal,35g,2g,48g,41g,3100mg
Everything Salmon & Green Pesto Chickpeas | Mob,472kcal,26g,6g,24g,36g,702mg
Chilled Chicken Noodle Salad | Mob,550kcal,22g,4g,35g,46g,980mg
Chicken & Broccoli Chopped Salad | Mob,737kcal,38g,14g,36g,72g,1129mg
Pesto Salmon Orzo Salad | Mob,670kcal,24g,8g,70g,42g,450mg
Air-Fryer Negima Yakitori | Mob,625kcal,28g,5g,45g,42g,2300mg
Korean Japchae Noodles with Garlicky Beef | Mob,615kcal,23g,9g,60g,42g,1380mg
Creamy Miso Noodle Soup | Mob,520kcal,26g,6g,40g,30g,2800mg
Sausage Meatballs with Tomato Romesco | Mob,796kcal,46g,19g,58g,31g,1095mg
"Sticky Soy, Ginger & Garlic Chicken Traybake | Mob",395kcal,21g,3g,14g,40g,723mg
Immune-Boosting Tofu & Ginger Noodle Protein Bowl Recipe | Mob,398kcal,16g,7g,44g,22g,1120mg
Tropical Sunshine Smoothie | Mob,280kcal,7g,5g,28g,29g,100mg
"Lamb Leg Steaks with Hot Hummus, Couscous & Sumac Tomatoes | Mob",775kcal,36g,8g,38g,48g,480mg
Slow-Cooked Chicken with Cannellini Beans & Pea Salad | Mob,750kcal,45g,8g,35g,55g,1400mg
Saucy Greek Keftedes | Mob,586kcal,23g,15g,59g,34g,1080mg
“Marry Me” Chicken Orzo | Mob,614kcal,10g,8g,76g,56g,680mg
Herby Curried Chicken Noodle Salad | Mob,685kcal,34g,4g,52g,37g,790mg
"Lunch Box: Greens, Eggs and Rice | Mob",515kcal,26g,6g,52g,20g,1500mg
Protein & Fibre Flapjacks | Mob,201kcal,11g,4g,11g,13g,12mg
Crispy Cod with Spring Onion & Sesame Butter Sauce | Mob,640kcal,27g,4g,56g,46g,920mg
Tropical Sunshine Smoothie Bowl | Mob,330kcal,10g,6g,30g,30g,100mg
Ancho Chilli Chicken Brothy Rice | Mob,520kcal,12g,8g,62g,38g,980mg
Chicken & Garlic Rice Traybake with Herby Slaw | Mob,675kcal,25g,4g,57g,36g,1401mg
Creamy Halloumi Jacket with Pickled Chilli Honey & Fennel Salad | Mob,878kcal,40g,13g,80g,30g,800mg
Mushroom & Lentil Ragù | Mob,618kcal,7g,20g,86g,38g,550mg
Vietnamese Chicken Rice | Mob,675kcal,28g,3g,65g,42g,820mg
Sumac Chicken | Mob,360kcal,22g,0g,2g,38g,500mg
Crispy Rice Smoked Salmon Salad | Mob,820kcal,40g,8g,60g,47g,1200mg
Crispy Peanut Chicken & Peanut Curry Rice | Mob,660kcal,43g,2g,39g,46g,700mg
Beef Wellington | How To Make Beef Wellington | Mob,750kcal,45g,5g,45g,35g,600mg
Lemon & Poppy Seed Sunshine Pots | Mob,340kcal,15g,4g,40g,10g,120mg
Quick & Cheesy Barbacoa Glazed Beef Tacos | Mob,780kcal,45g,4g,42g,44g,2800mg
Whole Turkey Breast in Prosciutto Recipe | Mob,475kcal,22g,2g,24g,40g,600mg
"Crispy Chicken, Brown Rice, Chickpeas & Tzatziki Recipe | Mob",794kcal,25g,13g,76g,66g,490mg
"Ginger Garlic Rice, Crispy Chicken & Spicy Slaw | Mob",715kcal,38g,5g,50g,39g,2600mg
Everything Salmon | Mob,410kcal,28g,1g,1g,30g,500mg
Honey Chipotle Air Fryer Salmon Bowl Recipe | Mob,620kcal,30g,12g,55g,35g,600mg
Crispy Beef Moussaka Bowl | Mob,620kcal,36g,10g,30g,36g,620mg
"Mackerel, Petit Pois & Feta Smoosh | Mob",779kcal,51g,7g,14g,58g,1382mg
"Everything Salmon, Garlicky Rice & Balsamic Tomato Salad | Mob",705kcal,24g,5g,45g,38g,700mg
Tuna & Bean Salad | Mob,470kcal,25g,9g,22g,34g,1400mg
Quick & Spicy Beef Ramen Recipe | Mob,650kcal,20g,5g,80g,35g,1200mg
Crispy Chicken & Creamed Corn | Mob,682kcal,42g,5g,22g,41g,486mg
Protein Pancakes Recipe | Mob,348kcal,6g,2g,47g,26g,800mg
Crispy Chicken & Broccoli Rice | Mob,749kcal,41g,5g,30g,53g,840mg
Lunch Box: Spiced Chicken With Chilli Tomato Salad & Zingy… | Mob,695kcal,38g,6g,44g,42g,1600mg
Lunch Box: Tuna & Green Bean Chopped Salad | Mob,289kcal,6g,10g,19g,34g,950mg
Blueberry & Almond Smoothie | Mob,360kcal,14g,10g,32g,28g,100mg
Spicy Gochujang Pork Burrito with Kimchi & Rice | Mob,1142kcal,42g,15g,134g,55g,2220mg
Yoghurt Bowl with High-Protein Granola | Mob,330kcal,12g,6g,35g,18g,100mg
Buttery Pistachio Chicken | Mob,763kcal,41g,4g,59g,38g,758mg
Lunch Box: Chipotle & Pineapple Chicken Traybake | Mob,665kcal,39g,34g,49g,49g,264mg
"Tuna, Celery & Miso Smoosh | Mob",334kcal,14g,3g,7g,42g,411mg
Crispy Chicken Spicy Honey Noodles | Mob,906kcal,44g,4g,82g,48g,3215mg
Creamy Tahini & Sumac Chicken Flatbreads | Mob,585kcal,25g,6g,55g,33g,620mg
Roasted Garlic Chicken Soup | Mob,420kcal,20g,5g,25g,35g,600mg
Everything Salmon Hummus Bowl | Mob,570kcal,30g,7g,35g,33g,680mg
"Lunch Box: Herby Chicken, Pepper & Quinoa Salad | Mob",535kcal,27g,5g,36g,40g,1600mg
High-Protein Smoothie Bowl | Mob,265kcal,10g,7g,21g,41g,150mg
"Cod with Yoghurt, Peas & Harissa Butter | Mob",376kcal,13g,6g,12g,47g,968mg
Sichuan Chicken Sando | Mob,760kcal,34g,5g,60g,52g,1100mg
Duck Pancakes | Mob,890kcal,52g,3g,66g,42g,2600mg
Cream Cheese Pasta with Crispy Chicken Meatballs | Mob,,,,,,
Air Fryer Chicken Tikka | Mob,380kcal,20g,2g,15g,32g,450mg
Beef & Guinness Stew With Chilli Cheddar Dumplings | Mob,657kcal,31g,8g,51g,34g,1108mg
Chinese Hot Pot for One Recipe | Mob,520kcal,15g,8g,60g,35g,1200mg
Ginger Pork Patties | Mob,590kcal,34g,3g,34g,34g,768mg
Silky Spicy Prawn Scissor-Cut Noodles | Mob,650kcal,10g,5g,110g,30g,800mg
Chipotle Chicken Traybake | Mob,410kcal,24g,1g,6g,45g,1400mg
High-Protein Breakfast Beans & Eggs | Mob,370kcal,16g,12g,38g,22g,700mg
High-Protein Bagels | Mob,215kcal,1g,2g,39g,11g,300mg
Sichuan Ragù Recipe | Mob,725kcal,34g,6g,63g,34g,1050mg
Pesto Pasta e Ceci with Flaked Salmon | Mob,540kcal,18g,7g,52g,35g,720mg
"Creamy Sausage, Bacon and Brussels Sprout Tagliatelle | Mob",845kcal,52g,5g,59g,33g,1100mg
Herb-Crusted Chataubriand Recipe | Mob,625kcal,34g,2g,18g,55g,450mg
Pork Fillet with Butter Beans & Salsa Verde | Mob,714kcal,44g,10g,30g,41g,922mg
Roast Chicken Traybake with Carrotes Rapées Salad | Mob,745kcal,41g,9g,29g,52g,910mg
Cheesy Chipotle Chicken Tacos | Mob,733kcal,43g,14g,34g,46g,863mg
Smoked Salmon Fish Cakes Recipe | Mob,707kcal,17g,11g,92g,37g,1417mg
Creamy Tahini Miso Salmon Noodles | Mob,620kcal,28g,5g,55g,32g,710mg
Spanakopita Pancakes | Mob,,,,,,
Sausages & Lentils with Roasted Grapes Recipe | Mob,717kcal,29g,18g,75g,31g,1100mg
"Chicken, Fennel, Tomato & White Beans | Mob",590kcal,15g,20g,70g,42g,780mg
Honey-Dijon Chicken Thighs | Mob,460kcal,32g,0g,4g,36g,1200mg
Lunch Box: Coconutty Air Fryer Tofu & Quinoa Salad with Peanut… | Mob,645kcal,38g,9g,34g,33g,1600mg
Christmas Roast Chicken | Mob,570kcal,41g,1g,2g,45g,600mg
Lunch Box: Pesto Salmon Orzo Salad | Mob,610kcal,28g,6g,48g,38g,600mg
Sweet & Sour Crispy Roast Chicken Thighs | Mob,605kcal,18g,4g,82g,31g,1010mg
Crispy Chicken & Potato Salad | Mob,720kcal,38g,5g,45g,48g,780mg
Soy Glazed Grilled Fish Bowl Recipe | Mob,520kcal,10g,5g,70g,30g,600mg
Honey-Dijon Chicken Tacos with Charred Pepper Salsa | Mob,825kcal,35g,6g,60g,58g,950mg
Baked Cod with Paprika-Spiced Grains & Chorizo Pea Dressing | Mob,640kcal,33g,8g,38g,44g,760mg
Juicy Pulled Chipotle Chicken | Mob,385kcal,20g,2g,7g,43g,740mg
Chipotle Chicken Tacos With Green Tahini Slaw | Mob,711kcal,40g,14g,37g,42g,598mg
Tomato Cherry Salad | Mob,120kcal,7g,3g,13g,2g,150mg
Harissa Chicken Kebabs & Zesty Couscous Salad | Mob,625kcal,27g,6g,40g,42g,580mg
Gochujang Bolognese & Rice | Mob,640kcal,25g,5g,55g,32g,950mg
Apple Crumble Overnight Oats Recipe | Mob,367kcal,10g,6g,52g,16g,123mg
"Whipped Pea, Artichoke & Za’atar with New Potatoes Recipe | Mob",315kcal,14g,10g,40g,8g,280mg
Spiced Aubergine & Lentil Stew Hummus Bowl | Mob,803kcal,22g,28g,97g,37g,786mg
Lunch Box: Everything Salmon Rice Bowl | Mob,712kcal,33g,6g,61g,40g,2042mg
Lasagne Soup | Mob,720kcal,40g,8g,65g,30g,1800mg
Ancho Chilli Chicken & Tomato Soup | Mob,770kcal,15g,5g,52g,33g,1050mg
Zingy Miso Salmon Salad with Wasabi Dressing | Mob,500kcal,23g,5g,35g,33g,620mg
The Ultimate Lasagne Recipe | Mob,965kcal,52g,4g,68g,46g,1314mg
Oven-Cooked BBQ Pork Ribs | Mob,1235kcal,81g,2g,51g,73g,2560mg
Sumac Chicken Fatteh | Mob,590kcal,28g,9g,46g,40g,640mg
Extra Herby Chickpea Fatteh | Mob,655kcal,34g,12g,58g,26g,620mg
Spicy Miso Beef Udon Noodle Soup | Mob,520kcal,15g,6g,60g,35g,1200mg
"Air Fryer Steak, Crispy Potatoes & Slaw with Piri Piri Dressing | Mob",964kcal,62g,12g,50g,47g,1057mg
Beetroot Chickpea Soup Recipe | Mob,305kcal,14g,8g,35g,8g,750mg
How To Make Slow-Cooked Lamb Shoulder – Best Slow-Cooked Lamb… | Mob,850kcal,50g,6g,30g,65g,1100mg
Crispy Garlic Chicken with Lime Chilli Broccoli & Rice | Mob,700kcal,25g,6g,80g,40g,1200mg
Creamy Curried Chicken Tacos with Kimchi | Mob,765kcal,44g,5g,35g,45g,910mg
Hot Pepper Meatballs with Naan | Mob,715kcal,47g,8g,42g,33g,1200mg
One-Tray Thai Red Chicken & Pumpkin Curry Recipe | Mob,648kcal,35g,3g,49g,36g,1130mg
“Marry Me” Spaghetti & Meatballs Recipe | Mob,715kcal,24g,6g,94g,32g,1050mg
Egg Fried Quinoa Bowl | Mob,620kcal,36g,9g,35g,40g,2000mg
Crispy Lamb Gnocchi | Mob,837kcal,47g,5g,65g,35g,1400mg
Chicken Kyiv Pasta | Mob,770kcal,31g,5g,70g,48g,2200mg
Chicken & Chorizo Baked Rice | Mob,635kcal,27g,6g,58g,39g,900mg
Spicy Sriracha Salmon | Mob,480kcal,28g,0g,8g,44g,2300mg
Chocolate Protein Millionaire's Shortbread | Mob,385kcal,24g,5g,21g,22g,300mg
Spicy Pork Grain Bowl | Mob,673kcal,32g,9g,56g,41g,1132mg
Creamy Gochujang Con Carne Rigatoni | Mob,670kcal,33g,5g,62g,31g,960mg
Salmon With Kimchi & Tahini Noodles | Mob,665kcal,35g,4g,41g,40g,890mg
Spicy Prawn Rice Bowl | Mob,550kcal,22g,6g,52g,30g,860mg
Lunch Box: Chicken & Garlic Rice with Crunchy Slaw | Mob,675kcal,25g,4g,57g,36g,1401mg
Herby Roast Chicken Caesar Sandwich Filler | Mob,579kcal,35g,3g,26g,41g,598mg
Smashed Sausage & Kale Toastie Recipe | Mob,835kcal,55g,6g,53g,36g,780mg
Pan-Roasted Chicken Thighs with Herby Rice & Pickled Salad | Mob,694kcal,31g,4g,63g,36g,931mg
Citrusy Miso Roast Chicken with Pickled Chilli & Chive Dressing… | Mob,650kcal,30g,8g,55g,35g,600mg
Ultimate Roast Beef Recipe | Mob,370kcal,25g,0g,0g,38g,80mg
Thai Red Cod & Chickpea Curry | Mob,610kcal,25g,16g,60g,36g,900mg
Cumin Lamb Stir Fry Recipe | Mob,732kcal,32g,4g,75g,31g,1560mg
Thai Salmon Laab Salad Bowl | Mob,798kcal,41g,10g,65g,41g,2537mg
Pulled Chipotle Chicken Jacket Potato | Mob,620kcal,27g,7g,53g,36g,820mg
Poached Chicken & Ginger Broth | Mob,350kcal,15g,0g,1g,50g,2000mg
Lunch Box: Miso Butter Roast Chicken & Radishes | Mob,685kcal,38g,3g,41g,39g,2100mg
Chicken & Chilli Stir Fry Recipe | Mob,615kcal,21g,4g,61g,43g,1070mg
Crispy Chicken Pancakes With Ginger Chilli Dressing | Mob,,,,,,
Spicy Pork & Ginger Noodle Bowl | Mob,610kcal,28g,5g,54g,30g,1720mg
Lunch Box: Chicken & Chorizo Giant Couscous | Mob,595kcal,26g,6g,49g,36g,1900mg
Smoky Chicken Kofta Bowl | Mob,560kcal,29g,7g,37g,36g,580mg
Hazelnut & Spiced Chicken Schnitzel With Pickled Oranges &… | Mob,620kcal,36g,3g,30g,41g,1800mg
Loaded Chipotle Chicken & Sweet Potato Wedges | Mob,690kcal,33g,7g,53g,39g,880mg
"Beany, Corn & Cheese Chilli Enchiladas | Mob",740kcal,35g,9g,56g,32g,910mg
Steamed Chicken Rice Bowl with Peanut Sesame Dressing Recipe | Mob,615kcal,23g,6g,57g,44g,1090mg
Giant Couscous Herb Salad | Mob,380kcal,15g,5g,52g,9g,200mg
Duck Red Curry with Pineapple Recipe | Mob,715kcal,38g,4g,65g,33g,1300mg
Thai Green Curry Brothy Rice with Crispy Tofu | Mob,615kcal,35g,8g,55g,25g,1100mg
Chicken Shawarma Kebabs with Green Chilli Butter | Mob,660kcal,38g,5g,28g,48g,1640mg
Almond Croissant Baked Oats | Mob,415kcal,16g,8g,58g,13g,380mg
Lunch Box: Crispy Curry Tofu Noodles | Mob,664kcal,32g,8g,64g,31g,1010mg
"Adana Meatballs, Ezme Salad & Flatbreads | Mob",640kcal,39g,6g,34g,39g,590mg
Fragrant Chicken Noodle Soup | Mob,530kcal,12g,3g,40g,53g,1000mg
Baked Chicken Legs with Leeks & Butter Beans Recipe | Mob,575kcal,25g,13g,45g,38g,800mg
Easy Chicken Curry | Mob,700kcal,30g,6g,55g,35g,660mg
Ratatouille Chickpeas & Golden Halloumi | Mob,745kcal,31g,7g,45g,38g,1160mg
Thai Soy Braised Pork Belly Recipe | Mob,,,,,,
Green Herby Lentils with Pasta | Mob,475kcal,18g,15g,55g,21g,650mg
Chicken au Curried Poivre | Mob,620kcal,41g,4g,24g,38g,670mg
Spiced Arayes & Cucumber Salad | Mob,720kcal,42g,5g,46g,38g,820mg
Ancho Chilli Chicken Stew | Mob,480kcal,19g,9g,28g,42g,650mg
Caprese Meatball Subs | Mob,780kcal,50g,6g,50g,32g,1100mg
Tuna & Green Bean Chopped Salad | Mob,289kcal,6g,10g,19g,34g,950mg
Chicken & Roasted Mushroom Hummus Bowl Recipe | Mob,568kcal,26g,10g,50g,31g,350mg
"Za'atar Chicken, Olive Rice & Whipped Feta | Mob",730kcal,36g,4g,42g,54g,1390mg
"Lunch Box: Chicken, Spinach & Cheddar Soup | Mob",413kcal,16g,6g,25g,41g,684mg
Chicken Meatball Korma | Mob,,,,,,
Baked Chicken Legs with Mustardy Lentils | Mob,620kcal,28g,8g,31g,44g,1900mg
Bolognese Ragú | Mob,,,,,,
Pad See Ew Chicken Noodles | Mob,1047kcal,47g,6g,96g,47g,2851mg
One-Tray Baked Chicken Rice with Chilli Vinegar | Mob,710kcal,30g,4g,60g,45g,2500mg
Juicy Chipotle Chicken Pasta Bake | Mob,1101kcal,42g,8g,94g,81g,1276mg
"Poached Chicken, Garlic Rice, Ginger & Chilli Sauce | Mob",790kcal,30g,2g,70g,51g,1600mg
Chicken Massaman Curry Recipe | Mob,882kcal,38g,3g,80g,35g,1013mg
Ginger Chicken Sesame Rice | Mob,790kcal,44g,3g,27g,31g,1077mg
Chicken-Fried Steak | Mob,780kcal,32g,4g,80g,40g,1200mg
Brothy Honey-Dijon Chicken & Chickpeas | Mob,825kcal,27g,21g,64g,72g,750mg
Supergreen Matcha Smoothie | Mob,359kcal,6g,6g,45g,30g,100mg
Crispy Fish Finger Katsu Salad with Curry Dressing | Mob,675kcal,31g,6g,62g,32g,920mg
Jalapeño Butter Chicken Kyiv | Mob,1036kcal,56g,10g,79g,58g,1070mg
Lunch Box: Quick Beef Chilli with Peppers and Onions | Mob,690kcal,38g,5g,40g,45g,880mg
Vanilla Bourbon Chicken Wings Recipe | Mob,570kcal,32g,2g,30g,31g,450mg
Chicken Oyakodon Recipe | Mob,,,,,,
Harissa Salmon with Chickpeas & Lime Yoghurt | Mob,565kcal,27g,8g,24g,49g,560mg
Mustardy Chicken & Bacon Sandwich Filler | Mob,438kcal,22g,2g,18g,40g,640mg
High-Protein Sesame Pork Rice Bowl | Mob,678kcal,16g,8g,56g,40g,1277mg
Pork Tenderloin with Spiced Rhubarb Sauce & Pickled Rhubarb… | Mob,520kcal,14g,5g,38g,35g,400mg
Sticky Tamarind Chicken with Coconut Slaw | Mob,561kcal,15g,7g,77g,32g,1240mg
Chilli Tofu & Pineapple Rice Bowl | Mob,525kcal,16g,12g,78g,21g,650mg
Chickpea Palak Paneer Recipe | Mob,582kcal,29g,18g,59g,26g,1020mg
Oven‑Roasted Chicken Adobo with Rice & Peanut Butter Greens | Mob,715kcal,34g,5g,45g,50g,2300mg
Brothy Orzo & Meatballs | Mob,695kcal,28g,8g,65g,39g,780mg
Al Pastor Tacos Recipe | Mob,595kcal,31g,6g,45g,35g,1200mg
Chicken & Red Rice Burrito Bowl | Mob,620kcal,24g,8g,65g,38g,780mg
Coconut-Braised Chicken & Chickpeas | Mob,870kcal,59g,11g,39g,43g,1347mg
"Lunch Box: Buffalo Chicken, Celery & Blue Cheese Grain Bowl | Mob",680kcal,34g,5g,40g,50g,1250mg
Cheat's Lahmacun | Mob,570kcal,33g,7g,38g,32g,780mg
High-Protein Chocolate & Peanut Mousse | Mob,320kcal,18g,5g,25g,15g,200mg
Smoky Prawn & Paprika Fidueá | Mob,520kcal,18g,4g,56g,32g,720mg
Chipotle Pulled Chicken Enchiladas | Mob,1088kcal,46g,8g,97g,69g,2280mg
Chargrilled Chicken With Spiced Cauliflower Rice & Tahini… | Mob,610kcal,34g,6g,30g,44g,1400mg
One-Pot Miso Butter Cod & Rice | Mob,620kcal,20g,4g,80g,32g,680mg
Beef Birria Recipe | Mob,594kcal,42g,2g,8g,47g,1200mg
Philly Cheesesteaks | Mob,825kcal,56g,2g,37g,43g,890mg
Shredded Sumac Chicken Sandwich with Aioli | Mob,560kcal,28g,5g,45g,32g,710mg
Cashew Green Chicken | Mob,1027kcal,62g,9g,53g,57g,239mg
Three-Cup Chicken | Mob,801kcal,24g,2g,93g,42g,1251mg
Garlicky Mustard Chicken | Mob,370kcal,23g,0g,2g,38g,500mg
Chinese BBQ Chicken Recipe | Mob,669kcal,22g,2g,85g,34g,556mg
Creamy Halloumi & Roasted Veg Burritos | Mob,950kcal,43g,11g,100g,32g,1090mg
Spicy & Sour Fish Curry Recipe | Mob,595kcal,8g,6g,97g,36g,1020mg
Sticky Soy Chicken Tacos with Spring Onion Salsa | Mob,565kcal,28g,5g,45g,34g,812mg
Blueberry & Almond Smoothie Bowl | Mob,390kcal,16g,11g,30g,30g,615mg
Sumac Chicken & Roasted Veg Traybake | Mob,470kcal,23g,8g,21g,35g,520mg
Chipotle Chicken BLT | Mob,760kcal,45g,3g,48g,42g,1100mg
Spiced Chicken Soup With Yoghurt & Flatbreads | Mob,916kcal,46g,11g,65g,61g,1150mg
Lunch Box: Chicken & Rice with Peanut Curry Sauce | Mob,690kcal,38g,5g,50g,33g,2300mg
Spicy Peanut Air Fryer Salmon Bowl | Mob,754kcal,38g,11g,66g,42g,430mg